{
  "sub-001": {
    "median": {
      "Mean_RR": -1.289550063954259e-15,
      "Median_RR": 0.0,
      "SDNN": 0.0,
      "RMSSD": 0.0,
      "pNN50": 4.96564594998361e-17,
      "pNN30": 0.0,
      "pNN20": 2.1120258320017626e-16,
      "pNN10": 0.0,
      "NN50": 0.0,
      "NN20": 0.0,
      "CV_RR": 0.0,
      "Range_RR": 0.0,
      "IQR_RR": 0.0,
      "Skew_RR": 1.5178830414797062e-18,
      "Kurt_RR": 0.0,
      "MAD_RR": 0.0,
      "P20_RR": 0.0,
      "P80_RR": 0.0,
      "Mean_HR": 0.0,
      "Std_HR": 1.102633609417758e-16,
      "CV_HR": -6.266688556966216e-17,
      "Min_HR": 0.0,
      "Max_HR": 0.0,
      "Range_HR": 0.0,
      "SD1": 2.721347452938616e-16,
      "SD2": -6.469976464307248e-17,
      "SD1_SD2": 0.0,
      "S_ellipse": 0.0,
      "RR_Slope": 0.0,
      "RR_R2": -3.1008182133085427e-17,
      "DFA_alpha": 1.4224732503009818e-16,
      "VLF": 0.0,
      "LF": 0.0,
      "HF": -1.6046192152785466e-16,
      "LF_HF": -4.401860820291148e-17,
      "TP": 0.0,
      "LFn": -1.2988742026376343e-16,
      "HFn": 2.5955800009302976e-16,
      "ShEn": 0.0,
      "ApEn": 0.0,
      "SampEn": -0.0003503934521940975,
      "PermEn": 2.0232296740752e-15
    },
    "iqr": {
      "Mean_RR": 1.0,
      "Median_RR": 1.0,
      "SDNN": 0.9999999999999999,
      "RMSSD": 1.0,
      "pNN50": 1.0,
      "pNN30": 1.0,
      "pNN20": 1.0,
      "pNN10": 1.0000000000000004,
      "NN50": 1.0,
      "NN20": 1.0,
      "CV_RR": 1.0,
      "Range_RR": 1.0,
      "IQR_RR": 1.0,
      "Skew_RR": 1.0,
      "Kurt_RR": 1.0,
      "MAD_RR": 1.0,
      "P20_RR": 1.0,
      "P80_RR": 1.0,
      "Mean_HR": 1.0000000000000018,
      "Std_HR": 0.9999999999999999,
      "CV_HR": 1.0,
      "Min_HR": 1.0,
      "Max_HR": 1.0000000000000002,
      "Range_HR": 1.0,
      "SD1": 1.0000000000000002,
      "SD2": 1.0,
      "SD1_SD2": 0.9999999999999999,
      "S_ellipse": 1.0,
      "RR_Slope": 0.9999999999999998,
      "RR_R2": 1.0,
      "DFA_alpha": 0.9999999999999996,
      "VLF": 1.0,
      "LF": 1.0,
      "HF": 0.9999999999999999,
      "LF_HF": 1.0,
      "TP": 0.9999999999999999,
      "LFn": 1.0,
      "HFn": 1.0,
      "ShEn": 0.9999999999999997,
      "ApEn": 1.0,
      "SampEn": 0.9933264023526904,
      "PermEn": 1.0000000000000009
    }
  },
  "sub-006": {
    "median": {
      "Mean_RR": 0.0,
      "Median_RR": 0.0,
      "SDNN": 0.0,
      "RMSSD": 0.0,
      "pNN50": 0.0,
      "pNN30": 0.0,
      "pNN20": 2.896988204881268e-16,
      "pNN10": -1.2411946470614055e-15,
      "NN50": 0.0,
      "NN20": 0.0,
      "CV_RR": -7.892991815694472e-17,
      "Range_RR": 0.0,
      "IQR_RR": 0.0,
      "Skew_RR": 0.0,
      "Kurt_RR": 0.0,
      "MAD_RR": 0.0,
      "P20_RR": 0.0,
      "P80_RR": 0.0,
      "Mean_HR": -5.1336972867188635e-16,
      "Std_HR": 7.517586813471366e-17,
      "CV_HR": -7.22078646875346e-17,
      "Min_HR": 0.0,
      "Max_HR": 0.0,
      "Range_HR": 0.0,
      "SD1": 0.0,
      "SD2": 0.0,
      "SD1_SD2": 3.1008182133085427e-16,
      "S_ellipse": 0.0,
      "RR_Slope": -3.469446951953614e-18,
      "RR_R2": 0.0,
      "DFA_alpha": 4.579669976578771e-16,
      "VLF": 0.0,
      "LF": 0.0,
      "HF": -4.141652298894627e-17,
      "LF_HF": 5.898059818321144e-17,
      "TP": 5.2909066017292616e-17,
      "LFn": 0.0,
      "HFn": 0.0,
      "ShEn": 0.0,
      "ApEn": 0.0,
      "SampEn": 0.0,
      "PermEn": -3.8159579662799814e-15
    },
    "iqr": {
      "Mean_RR": 1.0000000000000004,
      "Median_RR": 1.0,
      "SDNN": 1.0,
      "RMSSD": 1.0,
      "pNN50": 0.9999999999999998,
      "pNN30": 0.9999999999999999,
      "pNN20": 1.0000000000000004,
      "pNN10": 1.0000000000000007,
      "NN50": 1.0,
      "NN20": 1.0,
      "CV_RR": 1.0,
      "Range_RR": 1.0,
      "IQR_RR": 1.0,
      "Skew_RR": 1.0,
      "Kurt_RR": 1.0000000000000002,
      "MAD_RR": 1.0,
      "P20_RR": 1.0,
      "P80_RR": 1.0,
      "Mean_HR": 1.0000000000000004,
      "Std_HR": 0.9999999999999999,
      "CV_HR": 1.0,
      "Min_HR": 1.0,
      "Max_HR": 1.0,
      "Range_HR": 1.0,
      "SD1": 1.0,
      "SD2": 1.0,
      "SD1_SD2": 1.0000000000000002,
      "S_ellipse": 1.0,
      "RR_Slope": 1.0,
      "RR_R2": 1.0,
      "DFA_alpha": 1.0000000000000007,
      "VLF": 1.0,
      "LF": 1.0,
      "HF": 1.0,
      "LF_HF": 1.0,
      "TP": 1.0,
      "LFn": 0.9999999999999999,
      "HFn": 1.0,
      "ShEn": 0.9999999999999993,
      "ApEn": 1.0,
      "SampEn": 0.9999999999999999,
      "PermEn": 1.000000000000004
    }
  },
  "sub-012": {
    "median": {
      "Mean_RR": -8.01659086335782e-16,
      "Median_RR": 0.0,
      "SDNN": 8.375461782450522e-17,
      "RMSSD": 0.0,
      "pNN50": 0.0,
      "pNN30": 0.0,
      "pNN20": 0.0,
      "pNN10": -1.6479873021779667e-16,
      "NN50": 0.0,
      "NN20": 0.0,
      "CV_RR": -1.3053794156725473e-16,
      "Range_RR": 0.0,
      "IQR_RR": 0.0,
      "Skew_RR": 0.0,
      "Kurt_RR": 0.0,
      "MAD_RR": 0.0,
      "P20_RR": 0.0,
      "P80_RR": 0.0,
      "Mean_HR": 0.0,
      "Std_HR": 0.0,
      "CV_HR": 0.0,
      "Min_HR": 0.0,
      "Max_HR": 0.0,
      "Range_HR": 0.0,
      "SD1": 0.0,
      "SD2": 0.0,
      "SD1_SD2": 0.0,
      "S_ellipse": -5.2475385148298415e-17,
      "RR_Slope": 2.8189256484623115e-18,
      "RR_R2": -2.482822974991805e-17,
      "DFA_alpha": 3.2786273695961654e-16,
      "VLF": 4.5536491244391186e-17,
      "LF": 5.488773498207866e-17,
      "HF": 0.0,
      "LF_HF": 3.5561831257524545e-17,
      "TP": 0.0,
      "LFn": 0.0,
      "HFn": 0.0,
      "ShEn": -2.220446049250313e-16,
      "ApEn": 0.0,
      "SampEn": -0.003909911635909853,
      "PermEn": -1.9897278269453977e-15
    },
    "iqr": {
      "Mean_RR": 1.0000000000000007,
      "Median_RR": 1.0,
      "SDNN": 1.0,
      "RMSSD": 1.0,
      "pNN50": 1.0,
      "pNN30": 1.0000000000000002,
      "pNN20": 1.0,
      "pNN10": 1.0,
      "NN50": 1.0,
      "NN20": 1.0,
      "CV_RR": 0.9999999999999998,
      "Range_RR": 1.0,
      "IQR_RR": 1.0,
      "Skew_RR": 1.0,
      "Kurt_RR": 1.0000000000000002,
      "MAD_RR": 1.0,
      "P20_RR": 1.0,
      "P80_RR": 1.0,
      "Mean_HR": 1.0000000000000007,
      "Std_HR": 1.0000000000000002,
      "CV_HR": 1.0,
      "Min_HR": 1.0,
      "Max_HR": 0.9999999999999994,
      "Range_HR": 1.0,
      "SD1": 1.0,
      "SD2": 1.0,
      "SD1_SD2": 0.9999999999999998,
      "S_ellipse": 0.9999999999999999,
      "RR_Slope": 1.0,
      "RR_R2": 0.9999999999999999,
      "DFA_alpha": 1.0,
      "VLF": 0.9999999999999998,
      "LF": 1.0,
      "HF": 1.0,
      "LF_HF": 1.0,
      "TP": 1.0000000000000002,
      "LFn": 1.0000000000000002,
      "HFn": 1.0,
      "ShEn": 0.9999999999999998,
      "ApEn": 1.0,
      "SampEn": 0.9492088070928265,
      "PermEn": 0.9999999999999991
    }
  },
  "sub-002": {
    "median": {
      "Mean_RR": 0.0,
      "Median_RR": 0.0,
      "SDNN": 0.0,
      "RMSSD": 0.0,
      "pNN50": 0.0,
      "pNN30": 0.0,
      "pNN20": 0.0,
      "pNN10": 0.0,
      "NN50": 0.0,
      "NN20": 0.0,
      "CV_RR": 0.0,
      "Range_RR": 0.0,
      "IQR_RR": 0.0,
      "Skew_RR": 0.0,
      "Kurt_RR": 0.0,
      "MAD_RR": 0.0,
      "P20_RR": 0.0,
      "P80_RR": 0.0,
      "Mean_HR": 0.0,
      "Std_HR": 0.0,
      "CV_HR": 0.0,
      "Min_HR": 0.0,
      "Max_HR": 0.0,
      "Range_HR": 0.0,
      "SD1": 0.0,
      "SD2": 0.0,
      "SD1_SD2": 0.0,
      "S_ellipse": 0.0,
      "RR_Slope": 0.0,
      "RR_R2": 0.0,
      "DFA_alpha": 0.0,
      "VLF": 0.0,
      "LF": 0.0,
      "HF": 0.0,
      "LF_HF": 0.0,
      "TP": 0.0,
      "LFn": 0.0,
      "HFn": 0.0,
      "ShEn": 0.0,
      "ApEn": 0.0,
      "SampEn": 0.0,
      "PermEn": 0.0
    },
    "iqr": {
      "Mean_RR": 0.9999999999999989,
      "Median_RR": 0.9999999999999999,
      "SDNN": 1.0000000000000002,
      "RMSSD": 1.0,
      "pNN50": 1.0,
      "pNN30": 1.0,
      "pNN20": 1.0,
      "pNN10": 1.0,
      "NN50": 1.0,
      "NN20": 1.0,
      "CV_RR": 1.0,
      "Range_RR": 1.0,